ObjectName,Size,ContentType,LastModified
cat,279603,application/octet-stream,2025-04-18T13:34:02Z
cat.jpg,279603,application/octet-stream,2025-04-18T13:44:32Z
cat.jpg,279603,application/octet-stream,2025-04-18T13:56:50Z
cat.jpg,279603,application/octet-stream,2025-04-18T13:56:51Z
cat.jpg,279603,application/octet-stream,2025-04-18T13:56:52Z
cat.jpg,279603,application/octet-stream,2025-04-18T13:56:52Z
cat.jpg,279603,application/octet-stream,2025-04-18T13:56:52Z
cat.jpg,279603,application/octet-stream,2025-04-18T13:56:53Z
cat.jpg,279603,application/octet-stream,2025-04-18T13:57:14Z
cat_20250418_190638.jpg,279603,application/octet-stream,2025-04-18T14:06:38Z
cat_20250418_190639.jpg,279603,application/octet-stream,2025-04-18T14:06:39Z
cat_20250418_190639.jpg,279603,application/octet-stream,2025-04-18T14:06:39Z
cat_20250418_190650.jpg,279603,application/octet-stream,2025-04-18T14:06:50Z
cat_20250418_190650.jpg,279603,application/octet-stream,2025-04-18T14:06:50Z
